"CountryCode","SeriesCode","DESCRIPTION",
"ABW","SP.POP.TOTL","Data sources : United Nations World Population Prospects",
"ABW","SP.POP.GROW","Data sources: United Nations World Population Prospects",
"AFG","SP.POP.GROW","Data sources: United Nations World Population Prospects",
"AFG","NY.GDP.PCAP.PP.CD","Estimates are based on regression.",
"AFG","SP.POP.TOTL","Data sources : United Nations World Population Prospects",
"AFG","NY.GDP.MKTP.PP.KD","Estimates are based on regression.",
"AFG","NY.GNP.MKTP.PP.CD","Estimates are based on regression.",
"AFG","NY.GDP.MKTP.PP.CD","Estimates are based on regression.",
"AFG","NY.GDP.PCAP.PP.KD","Estimates are based on regression.",
"AFG","NY.GNP.PCAP.PP.CD","Estimates are based on regression.",
"AGO","SP.POP.TOTL","Data sources : United Nations World Population Prospects",
"AGO","SP.POP.GROW","Data sources: United Nations World Population Prospects",
"ALB","SP.POP.GROW","Data sources: United Nations World Population Prospects",
"ALB","SP.POP.TOTL","Data sources : Institute of Statistics, Eurostat",
"AND","SP.POP.TOTL","Data sources : United Nations World Population Prospects",
"AND","SP.POP.GROW","Data sources: United Nations World Population Prospects",
"ARE","SP.POP.GROW","Data sources: United Nations World Population Prospects",
"ARE","SP.POP.TOTL","Data sources : United Nations World Population Prospects",
"ARG","NY.GDP.MKTP.PP.KD","Estimates are based on regression.",
"ARG","NY.GNP.MKTP.PP.CD","Estimates are based on regression.",
"ARG","NY.GDP.PCAP.PP.CD","Estimates are based on regression.",
"ARG","SP.POP.TOTL","Data sources : United Nations World Population Prospects",
"ARG","NY.GNP.PCAP.PP.CD","Estimates are based on regression.",
"ARG","NY.GDP.PCAP.PP.KD","Estimates are based on regression.",
"ARG","SP.POP.GROW","Data sources: United Nations World Population Prospects",
"ARG","NY.GDP.MKTP.PP.CD","Estimates are based on regression.",
"ARM","SP.POP.GROW","Data sources: United Nations World Population Prospects",
"ARM","SP.POP.TOTL","Data sources : United Nations World Population Prospects",
"ASM","SP.POP.TOTL","Data sources : United Nations World Population Prospects",
"ASM","SP.POP.GROW","Data sources: United Nations World Population Prospects",
"ATG","SP.POP.GROW","Data sources: United Nations World Population Prospects",
"ATG","SP.POP.TOTL","Data sources : United Nations World Population Prospects",
"AUS","SP.POP.TOTL","Data sources : Australian Bureau of Statistics",
"AUS","SP.POP.1564.TO.ZS","Including Other Territories comprising Jervis Bay Territory, Christmas Island and the Cocos (Keeling) Islands. ",
"AUS","SP.POP.GROW","Data sources: Australian Bureau of Statistics",
"AUS","SP.POP.TOTL.MA.ZS","Including Other Territories comprising Jervis Bay Territory, Christmas Island and the Cocos (Keeling) Islands. ",
"AUS","SP.POP.TOTL.FE.ZS","Including Other Territories comprising Jervis Bay Territory, Christmas Island and the Cocos (Keeling) Islands. ",
"AUS","SP.POP.0014.TO.ZS","Including Other Territories comprising Jervis Bay Territory, Christmas Island and the Cocos (Keeling) Islands. ",
"AUT","SP.POP.GROW","Data sources : Eurostat",
"AUT","SP.POP.TOTL","Data sources : Eurostat",
"AZE","SP.POP.TOTL","Data sources : Eurostat, State Statistical Committee, United Nations World Population Prospects",
"AZE","SP.POP.GROW","Data sources: Eurostat, State Statistical Committee, United Nations World Population Prospects",
"BDI","SP.POP.GROW","Data sources: United Nations World Population Prospects",
"BDI","SP.POP.TOTL","Data sources : United Nations World Population Prospects",
"BEL","SP.POP.TOTL","Data sources : Eurostat",
"BEL","SP.POP.GROW","Data sources : Eurostat",
"BEN","SP.POP.GROW","Data sources: United Nations World Population Prospects",
"BEN","SP.POP.TOTL","Data sources : United Nations World Population Prospects",
"BFA","SP.POP.TOTL","Data sources : United Nations World Population Prospects",
"BFA","SP.POP.GROW","Data sources: United Nations World Population Prospects",
"BGD","SP.POP.GROW","Data sources: United Nations World Population Prospects",
"BGD","SP.POP.TOTL","Data sources : United Nations World Population Prospects",
"BGR","SP.POP.TOTL","Data sources : Eurostat",
"BGR","SP.POP.GROW","Data sources : Eurostat",
"BHR","SP.POP.GROW","Data sources: United Nations World Population Prospects",
"BHR","SP.POP.TOTL","Data sources : United Nations World Population Prospects",
"BHS","SP.POP.TOTL","Data sources : United Nations World Population Prospects",
"BHS","SP.POP.GROW","Data sources: United Nations World Population Prospects",
"BIH","SP.POP.GROW","Data sources: United Nations World Population Prospects",
"BIH","SP.POP.TOTL","Data sources : United Nations World Population Prospects",
"BLR","SP.POP.TOTL","Data sources : National Statistical Committee of the Republic of Belarus",
"BLR","SP.POP.GROW","Data sources: National Statistical Committee of the Republic of Belarus",
"BLZ","SP.POP.GROW","Data sources: United Nations World Population Prospects",
"BLZ","SP.POP.TOTL","Data sources : United Nations World Population Prospects",
"BMU","SP.POP.TOTL","Data sources : Bermuda Government Department of Statistics",
"BMU","SP.POP.GROW","Data sources: Bermuda Government Department of Statistics",
"BOL","SP.POP.GROW","Data sources: United Nations World Population Prospects",
"BOL","SP.POP.TOTL","Data sources : United Nations World Population Prospects",
"BRA","SP.POP.TOTL","Data sources : United Nations World Population Prospects",
"BRA","SP.POP.GROW","Data sources: United Nations World Population Prospects",
"BRB","SP.POP.GROW","Data sources: United Nations World Population Prospects",
"BRB","SP.POP.TOTL","Data sources : United Nations World Population Prospects",
"BRN","SP.POP.TOTL","Data sources : United Nations World Population Prospects",
"BRN","SP.POP.GROW","Data sources: United Nations World Population Prospects",
"BTN","SP.POP.GROW","Data sources: United Nations World Population Prospects",
"BTN","SP.POP.TOTL","Data sources : United Nations World Population Prospects",
"BWA","SP.POP.TOTL","Data sources : United Nations World Population Prospects",
"BWA","SP.POP.GROW","Data sources: United Nations World Population Prospects",
"CAF","SP.POP.GROW","Data sources: United Nations World Population Prospects",
"CAF","SP.POP.TOTL","Data sources : United Nations World Population Prospects",
"CAN","SP.POP.TOTL","Data sources : Statistics Canada",
"CAN","SP.POP.GROW","Data sources: Statistics Canada",
"CHE","SP.POP.GROW","Data sources : Eurostat",
"CHE","SP.POP.TOTL","Data sources : Eurostat",
"CHI","SP.POP.TOTL","Data sources : United Nations World Population Prospects",
"CHI","SP.POP.0014.TO.ZS","Refers to Guernsey, and Jersey.",
"CHI","SP.POP.1564.TO.ZS","Refers to Guernsey, and Jersey.",
"CHI","SP.POP.GROW","Data sources: United Nations World Population Prospects",
"CHI","SP.POP.TOTL.FE.ZS","Refers to Guernsey, and Jersey.",
"CHI","SP.POP.TOTL.MA.ZS","Refers to Guernsey, and Jersey.",
"CHL","SP.POP.GROW","Data sources: United Nations World Population Prospects",
"CHL","SP.POP.TOTL","Data sources : United Nations World Population Prospects",
"CHN","SP.POP.TOTL","Data sources : National Bureau of Statistics",
"CHN","SP.POP.0014.TO.ZS","Excluding Hong Kong SAR, Macao SAR, Taiwan.",
"CHN","SP.POP.1564.TO.ZS","Excluding Hong Kong SAR, Macao SAR, Taiwan.",
"CHN","SP.POP.GROW","Data sources: National Bureau of Statistics",
"CHN","SP.POP.TOTL.MA.ZS","Excluding Hong Kong SAR, Macao SAR, Taiwan.",
"CHN","SP.POP.TOTL.FE.ZS","Excluding Hong Kong SAR, Macao SAR, Taiwan.",
"CIV","SP.POP.GROW","Data sources: United Nations World Population Prospects",
"CIV","SP.POP.TOTL","Data sources : United Nations World Population Prospects",
"CMR","SP.POP.TOTL","Data sources : United Nations World Population Prospects",
"CMR","SP.POP.GROW","Data sources: United Nations World Population Prospects",
"COD","SP.POP.GROW","Data sources: United Nations World Population Prospects",
"COD","SP.POP.TOTL","Data sources : United Nations World Population Prospects",
"COG","SP.POP.TOTL","Data sources : United Nations World Population Prospects",
"COG","SP.POP.GROW","Data sources: United Nations World Population Prospects",
"COL","SP.POP.GROW","Data sources: United Nations World Population Prospects",
"COL","SP.POP.TOTL","Data sources : United Nations World Population Prospects",
"COM","SP.POP.TOTL","Data sources : United Nations World Population Prospects",
"COM","SP.POP.GROW","Data sources: United Nations World Population Prospects",
"CPV","SP.POP.GROW","Data sources: United Nations World Population Prospects",
"CPV","SP.POP.TOTL","Data sources : United Nations World Population Prospects",
"CRI","SP.POP.TOTL","Data sources : United Nations World Population Prospects",
"CRI","SP.POP.GROW","Data sources: United Nations World Population Prospects",
"CUB","SP.POP.GROW","Data sources: United Nations World Population Prospects",
"CUB","SP.POP.TOTL","Data sources : United Nations World Population Prospects",
"CYM","SP.POP.TOTL","Data sources : United Nations World Population Prospects",
"CYM","SP.POP.GROW","Data sources: United Nations World Population Prospects",
"CYP","SP.POP.GROW","Data sources: United Nations World Population Prospects",
"CYP","NY.GDP.PCAP.PP.KD","Data are for areas under the effective control of the Government of the Republic of Cyprus.",
"CYP","SP.POP.TOTL.FE.ZS","Including Northern-Cyprus.",
"CYP","SP.POP.TOTL.MA.ZS","Including Northern-Cyprus.",
"CYP","NY.GNP.PCAP.CD","Data are for areas under the effective control of the Government of the Republic of Cyprus.",
"CYP","NY.GNP.PCAP.PP.CD","Data are for areas under the effective control of the Government of the Republic of Cyprus.",
"CYP","SP.POP.0014.TO.ZS","Including Northern-Cyprus.",
"CYP","SP.POP.TOTL","Data sources : United Nations World Population Prospects",
"CYP","NY.GDP.PCAP.PP.CD","Data are for areas under the effective control of the Government of the Republic of Cyprus.",
"CYP","SP.POP.1564.TO.ZS","Including Northern-Cyprus.",
"CYP","NY.GDP.PCAP.CD","Data are for areas under the effective control of the Government of the Republic of Cyprus.",
"CYP","NY.GDP.PCAP.KD","Data are for areas under the effective control of the Government of the Republic of Cyprus.",
"CZE","SP.POP.TOTL","Data sources : Eurostat",
"CZE","SP.POP.GROW","Data sources : Eurostat",
"DEU","SP.POP.GROW","Data sources : Eurostat",
"DEU","SP.POP.TOTL","Data sources : Eurostat",
"DJI","SP.POP.TOTL","Data sources : United Nations World Population Prospects",
"DJI","SP.POP.GROW","Data sources: United Nations World Population Prospects",
"DMA","SP.POP.GROW","Data sources: United Nations World Population Prospects",
"DMA","SP.POP.TOTL","Data sources : United Nations World Population Prospects",
"DNK","SP.POP.TOTL","Data sources : Eurostat",
"DNK","SP.POP.GROW","Data sources : Eurostat",
"DOM","SP.POP.GROW","Data sources: United Nations World Population Prospects",
"DOM","SP.POP.TOTL","Data sources : United Nations World Population Prospects",
"DZA","SP.POP.TOTL","Data sources : United Nations World Population Prospects",
"DZA","SP.POP.GROW","Data sources: United Nations World Population Prospects",
"ECU","SP.POP.GROW","Data sources: United Nations World Population Prospects",
"ECU","SP.POP.TOTL","Data sources : United Nations World Population Prospects",
"EGY","SP.POP.TOTL","Data sources : United Nations World Population Prospects",
"EGY","SP.POP.GROW","Data sources: United Nations World Population Prospects",
"ERI","SP.POP.GROW","Data sources: United Nations World Population Prospects",
"ERI","NY.GDP.PCAP.PP.KD","Estimates are based on regression.",
"ERI","NY.GDP.MKTP.PP.CD","Estimates are based on regression.",
"ERI","NY.GNP.PCAP.PP.CD","Estimates are based on regression.",
"ERI","SP.POP.TOTL","Data sources : United Nations World Population Prospects",
"ERI","NY.GDP.PCAP.PP.CD","Estimates are based on regression.",
"ERI","NY.GNP.MKTP.PP.CD","Estimates are based on regression.",
"ERI","NY.GDP.MKTP.PP.KD","Estimates are based on regression.",
"ESP","SP.POP.TOTL","Data sources : Eurostat",
"ESP","SP.POP.GROW","Data sources : Eurostat",
"EST","SP.POP.GROW","Data sources : Eurostat",
"EST","SP.POP.TOTL","Data sources : Eurostat",
"ETH","SP.POP.TOTL","Data sources : United Nations World Population Prospects",
"ETH","SP.POP.GROW","Data sources: United Nations World Population Prospects",
"FIN","SP.POP.GROW","Data sources : Eurostat",
"FIN","SP.POP.TOTL","Data sources : Eurostat",
"FJI","SP.POP.TOTL","Data sources : United Nations World Population Prospects",
"FJI","SP.POP.GROW","Data sources: United Nations World Population Prospects",
"FRA","SP.POP.GROW","Data sources: Eurostat, United Nations World Population Prospects. Including the French overseas departments of French Guiana, Guadeloupe, Martinique, Mayotte, and Réunion.",
"FRA","SP.POP.TOTL.MA.ZS","Including the four French overseas departments (French Guyana, Guadeloupe, Martinique and Réunion)",
"FRA","SP.POP.TOTL.FE.ZS","Including the four French overseas departments (French Guyana, Guadeloupe, Martinique and Réunion)",
"FRA","SP.POP.TOTL","Data sources : Eurostat, United Nations World Population Prospects. Including the French overseas departments of French Guiana, Guadeloupe, Martinique, Mayotte, and Réunion.",
"FRA","SP.POP.0014.TO.ZS","Including the four French overseas departments (French Guyana, Guadeloupe, Martinique and Réunion)",
"FRA","SP.POP.1564.TO.ZS","Including the four French overseas departments (French Guyana, Guadeloupe, Martinique and Réunion)",
"FRO","SP.POP.TOTL","Data sources : United Nations World Population Prospects",
"FRO","SP.POP.GROW","Data sources: United Nations World Population Prospects",
"FSM","SP.POP.GROW","Data sources: United Nations World Population Prospects",
"FSM","SP.POP.TOTL","Data sources : United Nations World Population Prospects",
"GAB","SP.POP.TOTL","Data sources : United Nations World Population Prospects",
"GAB","SP.POP.GROW","Data sources: United Nations World Population Prospects",
"GBR","SP.POP.GROW","Data sources: Eurostat",
"GBR","SP.POP.TOTL","Data sources : Eurostat",
"GEO","SP.POP.TOTL","Data sources : GeoStats. GeoStats. Adjusted to mid-year population using geometric mean for the years where mid-year population figures are not available. Excluding Abkhazia and South Ossetia.",
"GEO","SP.POP.0014.TO.ZS","Including Abkhazia and South Ossetia.",
"GEO","NY.GDP.PCAP.PP.CD","Excludes Abkhazia and South Ossetia.",
"GEO","SP.POP.1564.MA.IN","Derived using ratio of age group from WPP and World Bank population.",
"GEO","SP.POP.0014.TO","Derived using ratio of age group from WPP and World Bank population.",
"GEO","SP.POP.1564.TO.ZS","Including Abkhazia and South Ossetia.",
"GEO","NY.GDP.PCAP.KD","Excludes Abkhazia and South Ossetia.",
"GEO","SP.POP.1564.TO","Derived using ratio of age group from WPP and World Bank population.",
"GEO","SP.POP.1564.FE.IN","Derived using ratio of age group from WPP and World Bank population.",
"GEO","NY.GDP.PCAP.CD","Excludes Abkhazia and South Ossetia.",
"GEO","SP.POP.GROW","Data sources: GeoStats. GeoStats. Adjusted to mid-year population using geometric mean for the years where mid-year population figures are not available. Excluding Abkhazia and South Ossetia.",
"GEO","SP.POP.0014.MA.IN","Derived using ratio of age group from WPP and World Bank population.",
"GEO","NY.GDP.PCAP.PP.KD","Excludes Abkhazia and South Ossetia.",
"GEO","SP.POP.TOTL.FE.ZS","Excluding Abkhazia and South Ossetia.",
"GEO","SP.POP.0014.FE.IN","Derived using ratio of age group from WPP and World Bank population.",
"GEO","SP.POP.TOTL.MA.ZS","Excluding Abkhazia and South Ossetia.",
"GEO","NY.GNP.PCAP.CD","Excludes Abkhazia and South Ossetia.",
"GEO","NY.GNP.PCAP.PP.CD","Excludes Abkhazia and South Ossetia.",
"GHA","SP.POP.GROW","Data sources: United Nations World Population Prospects",
"GHA","SP.POP.TOTL","Data sources : United Nations World Population Prospects",
"GIB","SP.POP.TOTL","Data sources : United Nations World Population Prospects",
"GIB","SP.POP.GROW","Data sources : United Nations World Population Prospects",
"GIN","SP.POP.GROW","Data sources: United Nations World Population Prospects",
"GIN","SP.POP.TOTL","Data sources : United Nations World Population Prospects",
"GMB","SP.POP.TOTL","Data sources : United Nations World Population Prospects",
"GMB","SP.POP.GROW","Data sources: United Nations World Population Prospects",
"GNB","SP.POP.GROW","Data sources: United Nations World Population Prospects",
"GNB","SP.POP.TOTL","Data sources : United Nations World Population Prospects",
"GNQ","SP.POP.TOTL","Data sources : United Nations World Population Prospects",
"GNQ","SP.POP.GROW","Data sources: United Nations World Population Prospects",
"GRC","SP.POP.GROW","Data sources : Eurostat",
"GRC","SP.POP.TOTL","Data sources : Eurostat",
"GRD","SP.POP.TOTL","Data sources : United Nations World Population Prospects",
"GRD","SP.POP.GROW","Data sources: United Nations World Population Prospects",
"GRL","SP.POP.GROW","Data sources: Statistics Greenland",
"GRL","SP.POP.TOTL","Data sources : Statistics Greenland",
"GTM","SP.POP.TOTL","Data sources : United Nations World Population Prospects",
"GTM","SP.POP.GROW","Data sources: United Nations World Population Prospects",
"GUM","SP.POP.GROW","Data sources: United Nations World Population Prospects",
"GUM","SP.POP.TOTL","Data sources : United Nations World Population Prospects",
"GUY","SP.POP.TOTL","Data sources : United Nations World Population Prospects",
"GUY","NY.GDP.PCAP.PP.CD","Estimates are based on regression.",
"GUY","NY.GDP.MKTP.PP.KD","Estimates are based on regression.",
"GUY","NY.GNP.MKTP.PP.CD","Estimates are based on regression.",
"GUY","SP.POP.GROW","Data sources: United Nations World Population Prospects",
"GUY","NY.GDP.PCAP.PP.KD","Estimates are based on regression.",
"GUY","NY.GDP.MKTP.PP.CD","Estimates are based on regression.",
"GUY","NY.GNP.PCAP.PP.CD","Estimates are based on regression.",
"HKG","SP.POP.GROW","Data sources: Census and Statistics Department",
"HKG","SP.POP.TOTL","Data sources : Census and Statistics Department",
"HND","SP.POP.TOTL","Data sources : United Nations World Population Prospects",
"HND","SP.POP.GROW","Data sources: United Nations World Population Prospects",
"HRV","SP.POP.GROW","Data sources: Croatian Bureau of Statistics, Council of Europe",
"HRV","SP.POP.TOTL","Data sources : Croatian Bureau of Statistics, Council of Europe",
"HTI","SP.POP.TOTL","Data sources : United Nations World Population Prospects",
"HTI","SP.POP.GROW","Data sources: United Nations World Population Prospects",
"HUN","SP.POP.GROW","Data sources : Eurostat",
"HUN","SP.POP.TOTL","Data sources : Eurostat",
"IDN","SP.POP.TOTL","Data sources : United Nations World Population Prospects",
"IDN","SP.POP.GROW","Data sources: United Nations World Population Prospects",
"IMN","SP.POP.GROW","Data sources: United Nations World Population Prospects",
"IMN","SP.POP.TOTL","Data sources : United Nations World Population Prospects",
"IND","SP.POP.TOTL","Data sources : United Nations World Population Prospects",
"IND","SP.POP.GROW","Data sources: United Nations World Population Prospects",
"IRL","SP.POP.GROW","Data sources : Eurostat",
"IRL","SP.POP.TOTL","Data sources : Eurostat",
"IRN","SP.POP.TOTL","Data sources : United Nations World Population Prospects",
"IRN","SP.POP.GROW","Data sources: United Nations World Population Prospects",
"IRQ","SP.POP.GROW","Data sources : United Nations World Population Prospects",
"IRQ","SP.POP.TOTL","Data sources : United Nations World Population Prospects",
"ISL","SP.POP.TOTL","Data sources : Eurostat",
"ISL","SP.POP.GROW","Data sources : Eurostat",
"ISR","SP.POP.GROW","Data sources: Central Bureau of Statistics",
"ISR","SP.POP.TOTL","Data sources : Central Bureau of Statistics",
"ITA","SP.POP.TOTL","Data sources : Eurostat",
"ITA","SP.POP.GROW","Data sources : Eurostat",
"JAM","SP.POP.GROW","Data sources : United Nations World Population Prospects",
"JAM","SP.POP.TOTL","Data sources : United Nations World Population Prospects",
"JOR","SP.POP.TOTL","Data sources : United Nations World Population Prospects",
"JOR","SP.POP.GROW","Data sources : United Nations World Population Prospects",
"JPN","SP.POP.GROW","Data sources: Ministry of Internal Affairs and Communications, Statistics Bureau; United Nations Population and Vital Statistics Report",
"JPN","SP.POP.TOTL","Data sources : Ministry of Internal Affairs and Communications, Statistics Bureau; United Nations Population and Vital Statistics Report",
"KAZ","SP.POP.TOTL","Data sources : Statistical Agency of Kazakhstan, 1979 Census, 1989 Census, United Nations World Population Prospects",
"KAZ","SP.POP.GROW","Data sources: Statistical Agency of Kazakhstan, 1979 Census, 1989 Census, United Nations World Population Prospects",
"KEN","SP.POP.GROW","Data sources: United Nations World Population Prospects",
"KEN","SP.POP.TOTL","Data sources : United Nations World Population Prospects",
"KGZ","SP.POP.TOTL","Data sources : National Statistical Committee, United Nations World Population Prospects",
"KGZ","SP.POP.GROW","Data sources: National Statistical Committee, United Nations World Population Prospects",
"KHM","SP.POP.GROW","Data sources: United Nations World Population Prospects",
"KHM","SP.POP.TOTL","Data sources : United Nations World Population Prospects",
"KIR","SP.POP.TOTL","Data sources : United Nations World Population Prospects",
"KIR","SP.POP.GROW","Data sources: United Nations World Population Prospects",
"KNA","SP.POP.GROW","Data sources: United Nations World Population Prospects",
"KNA","SP.POP.TOTL","Data sources : United Nations World Population Prospects",
"KOR","SP.POP.TOTL","Data sources : Korean Statistical Information Service",
"KOR","SP.POP.GROW","Data sources: Korean Statistical Information Service",
"KWT","SP.POP.GROW","Data sources: United Nations World Population Prospects",
"KWT","SP.POP.TOTL","Data sources : United Nations World Population Prospects",
"LAO","SP.POP.TOTL","Data sources : United Nations World Population Prospects",
"LAO","SP.POP.GROW","Data sources: United Nations World Population Prospects",
"LBN","SP.POP.GROW","Data sources : United Nations World Population Prospects",
"LBN","NY.GDP.MKTP.PP.CD","Estimates are based on regression.",
"LBN","NY.GDP.PCAP.PP.KD","Estimates are based on regression.",
"LBN","NY.GNP.PCAP.PP.CD","Estimates are based on regression.",
"LBN","SP.POP.TOTL","Data sources : United Nations World Population Prospects",
"LBN","NY.GNP.MKTP.PP.CD","Estimates are based on regression.",
"LBN","NY.GDP.MKTP.PP.KD","Estimates are based on regression.",
"LBN","NY.GDP.PCAP.PP.CD","Estimates are based on regression.",
"LBR","SP.POP.TOTL","Data sources : United Nations World Population Prospects",
"LBR","SP.POP.GROW","Data sources: United Nations World Population Prospects",
"LBY","SP.POP.GROW","Data sources: United Nations World Population Prospects",
"LBY","NY.GDP.MKTP.PP.CD","Estimates are based on regression.",
"LBY","NY.GNP.PCAP.PP.CD","Estimates are based on regression.",
"LBY","NY.GDP.PCAP.PP.KD","Estimates are based on regression.",
"LBY","SP.POP.TOTL","Data sources : United Nations World Population Prospects",
"LBY","NY.GDP.MKTP.PP.KD","Estimates are based on regression.",
"LBY","NY.GNP.MKTP.PP.CD","Estimates are based on regression.",
"LBY","NY.GDP.PCAP.PP.CD","Estimates are based on regression.",
"LCA","SP.POP.TOTL","Data sources : United Nations World Population Prospects",
"LCA","SP.POP.GROW","Data sources: United Nations World Population Prospects",
"LIE","SP.POP.GROW","Data sources: United Nations World Population Prospects",
"LIE","SP.POP.TOTL","Data sources : United Nations World Population Prospects",
"LKA","SP.POP.TOTL","Data sources : Registrar General's Department, Department of Census and Statistics",
"LKA","SP.POP.GROW","Data sources: Registrar General's Department, Department of Census and Statistics",
"LSO","SP.POP.GROW","Data sources: United Nations World Population Prospects",
"LSO","SP.POP.TOTL","Data sources : United Nations World Population Prospects",
"LTU","SP.POP.TOTL","Data sources : Eurostat",
"LTU","SP.POP.GROW","Data sources : Eurostat",
"LUX","SP.POP.GROW","Data sources: Eurostat",
"LUX","SP.POP.TOTL","Data sources : Eurostat",
"LVA","SP.POP.TOTL","Data sources : Eurostat",
"LVA","SP.POP.GROW","Data sources : Eurostat",
"MAC","SP.POP.GROW","Data sources: United Nations World Population Prospects",
"MAC","SP.POP.TOTL","Data sources : United Nations World Population Prospects",
"MAR","SP.POP.TOTL","Data sources : United Nations World Population Prospects",
"MAR","NY.GDP.PCAP.KD","Includes Former Spanish Sahara.",
"MAR","SP.POP.1564.TO.ZS","Morocco only. (Excluding former Spanish Sahara)",
"MAR","NY.GDP.PCAP.CD","Includes Former Spanish Sahara.",
"MAR","NY.GDP.PCAP.PP.CD","Includes Former Spanish Sahara.",
"MAR","SP.POP.0014.TO.ZS","Morocco only. (Excluding former Spanish Sahara)",
"MAR","SP.POP.GROW","Data sources: United Nations World Population Prospects",
"MAR","NY.GDP.PCAP.PP.KD","Includes Former Spanish Sahara.",
"MAR","SP.POP.TOTL.FE.ZS","Morocco only. (Excluding former Spanish Sahara)",
"MAR","SP.POP.TOTL.MA.ZS","Morocco only. (Excluding former Spanish Sahara)",
"MAR","NY.GNP.PCAP.CD","Includes Former Spanish Sahara.",
"MAR","NY.GNP.PCAP.PP.CD","Includes Former Spanish Sahara.",
"MCO","SP.POP.GROW","Data sources: United Nations World Population Prospects",
"MCO","SP.POP.TOTL","Data sources : United Nations World Population Prospects",
"MDA","SP.POP.TOTL","Data sources : National Bureau of Statistics. Excluding Transnistria. For 1950-94, World Bank estimates using UN World Population Prospects' growth rates of whole Moldova.",
"MDA","NY.GDP.PCAP.CD","Excludes Transnistria.",
"MDA","SP.POP.1564.TO.ZS","Including Transnistria.",
"MDA","NY.GDP.PCAP.KD","Excludes Transnistria.",
"MDA","SP.POP.1564.TO","Derived using ratio of age group from WPP and World Bank population.",
"MDA","SP.POP.1564.FE.IN","Derived using ratio of age group from WPP and World Bank population.",
"MDA","SP.POP.0014.TO.ZS","Including Transnistria.",
"MDA","NY.GDP.PCAP.PP.CD","Excludes Transnistria.",
"MDA","SP.POP.0014.TO","Derived using ratio of age group from WPP and World Bank population.",
"MDA","SP.POP.1564.MA.IN","Derived using ratio of age group from WPP and World Bank population.",
"MDA","SP.POP.GROW","Data sources: National Bureau of Statistics. Excluding Transnistria. For 1950-94, World Bank estimates using UN World Population Prospects 2010 Revision's growth rates of whole Moldova.",
"MDA","SP.POP.0014.MA.IN","Derived using ratio of age group from WPP and World Bank population.",
"MDA","NY.GNP.PCAP.PP.CD","Excludes Transnistria.",
"MDA","NY.GNP.PCAP.CD","Excludes Transnistria.",
"MDA","SP.POP.TOTL.MA.ZS","Excluding Transnistria.",
"MDA","SP.POP.TOTL.FE.ZS","Excluding Transnistria.",
"MDA","NY.GDP.PCAP.PP.KD","Excludes Transnistria.",
"MDA","SP.POP.0014.FE.IN","Derived using ratio of age group from WPP and World Bank population.",
"MDG","SP.POP.GROW","Data sources: United Nations World Population Prospects",
"MDG","SP.POP.TOTL","Data sources : United Nations World Population Prospects",
"MDV","SP.POP.TOTL","Data sources : For 1960-1989, United Nations World Population Prospects. For 1990 onwards, 1990, 1995, 2000, 2006, 2014 censuses, and data on expatriate employment from Maldives National Bureau of Statistics. The census data are adjusted for mid-year and for foreign population.",
"MDV","SP.POP.GROW","Data sources: For 1960-1989, United Nations World Population Prospects. For 1990 onwards, 1990, 1995, 2000, 2006, 2014 censuses, and data on expatriate employment from Maldives National Bureau of Statistics. The census data are adjusted for mid-year and for foreign population.",
"MEX","SP.POP.GROW","Data sources: United Nations World Population Prospects",
"MEX","SP.POP.TOTL","Data sources : United Nations World Population Prospects",
"MHL","SP.POP.TOTL","Data sources : United Nations World Population Prospects",
"MHL","SP.POP.GROW","Data sources: United Nations World Population Prospects",
"MKD","SP.POP.GROW","Data sources: United Nations World Population Prospects",
"MKD","SP.POP.TOTL","Data sources : United Nations World Population Prospects",
"MLI","SP.POP.TOTL","Data sources : United Nations World Population Prospects",
"MLI","SP.POP.GROW","Data sources: United Nations World Population Prospects",
"MLT","SP.POP.GROW","Data sources : Eurostat",
"MLT","SP.POP.TOTL","Data sources : Eurostat",
"MMR","SP.POP.TOTL","Data sources : United Nations World Population Prospects",
"MMR","SP.POP.GROW","Data sources: United Nations World Population Prospects",
"MNE","SP.POP.GROW","Data sources : For years after 2000, Statistical Office of Montenegro. For years 1960-1999, growth rates of United Nations World Population Prospects were used to estimate backwards.",
"MNE","SP.POP.TOTL","Data sources : For years after 2000, Statistical Office of Montenegro. For years 1960-1999, growth rates of United Nations World Population Prospects were used to estimate backwards.",
"MNG","SP.POP.TOTL","Data sources : United Nations World Population Prospects",
"MNG","SP.POP.GROW","Data sources: United Nations World Population Prospects",
"MNP","SP.POP.GROW","Data sources: United Nations World Population Prospects",
"MNP","SP.POP.TOTL","Data sources : United Nations World Population Prospects",
"MOZ","SP.POP.TOTL","Data sources : United Nations World Population Prospects",
"MOZ","SP.POP.GROW","Data sources: United Nations World Population Prospects",
"MRT","SP.POP.GROW","Data sources: United Nations World Population Prospects",
"MRT","SP.POP.TOTL","Data sources : United Nations World Population Prospects",
"MUS","SP.POP.TOTL","Data sources : Statistics Mauritius, United Nations World Population Prospects",
"MUS","SP.POP.1564.FE.IN","Derived using ratio of age group from WPP and World Bank population.",
"MUS","SP.POP.1564.TO","Derived using ratio of age group from WPP and World Bank population.",
"MUS","SP.POP.1564.TO.ZS","Including Agalega and St. Brandon.",
"MUS","SP.POP.1564.MA.IN","Derived using ratio of age group from WPP and World Bank population.",
"MUS","SP.POP.0014.TO","Derived using ratio of age group from WPP and World Bank population.",
"MUS","SP.POP.0014.TO.ZS","Including Agalega and St. Brandon.",
"MUS","SP.POP.GROW","Data sources: Central Statistics Office, United Nations Population and Vital Statistics Report, United Nations World Population Prospects",
"MUS","SP.POP.0014.MA.IN","Derived using ratio of age group from WPP and World Bank population.",
"MUS","SP.POP.0014.FE.IN","Derived using ratio of age group from WPP and World Bank population.",
"MUS","SP.POP.TOTL.FE.ZS","Excluding Agalega and St. Brandon.",
"MUS","SP.POP.TOTL.MA.ZS","Excluding Agalega and St. Brandon.",
"MWI","SP.POP.GROW","Data sources: United Nations World Population Prospects",
"MWI","SP.POP.TOTL","Data sources : United Nations World Population Prospects",
"MYS","SP.POP.TOTL","Data sources : United Nations World Population Prospects",
"MYS","SP.POP.1564.TO.ZS","Including Sabah and Sarawak.",
"MYS","SP.POP.0014.TO.ZS","Including Sabah and Sarawak.",
"MYS","SP.POP.GROW","Data sources: United Nations World Population Prospects",
"MYS","SP.POP.TOTL.MA.ZS","Including Sabah and Sarawak.",
"MYS","SP.POP.TOTL.FE.ZS","Including Sabah and Sarawak.",
"NAM","SP.POP.GROW","Data sources: United Nations World Population Prospects",
"NAM","SP.POP.TOTL","Data sources : United Nations World Population Prospects",
"NCL","SP.POP.TOTL","Data sources : Institute of Statistics and Economic Studies",
"NCL","SP.POP.GROW","Data sources: Institute of Statistics and Economic Studies, 1983 Census, 1989 Census, 1996 Census",
"NER","SP.POP.GROW","Data sources: United Nations World Population Prospects",
"NER","SP.POP.TOTL","Data sources : United Nations World Population Prospects",
"NGA","SP.POP.TOTL","Data sources : United Nations World Population Prospects",
"NGA","SP.POP.GROW","Data sources: United Nations World Population Prospects",
"NIC","SP.POP.GROW","Data sources: United Nations World Population Prospects",
"NIC","SP.POP.TOTL","Data sources : United Nations World Population Prospects",
"NLD","SP.POP.TOTL","Data sources : Eurostat",
"NLD","SP.POP.GROW","Data sources : Eurostat",
"NOR","SP.POP.GROW","Data sources : Eurostat",
"NOR","SP.POP.TOTL","Data sources : Eurostat",
"NPL","SP.POP.TOTL","Data sources : United Nations World Population Prospects",
"NPL","SP.POP.GROW","Data sources: United Nations World Population Prospects",
"NZL","SP.POP.GROW","Data sources: Statistics New Zealand",
"NZL","SP.POP.TOTL","Data sources : Statistics New Zealand",
"OMN","SP.POP.TOTL","Data sources : United Nations World Population Prospects",
"OMN","SP.POP.GROW","Data sources: United Nations World Population Prospects",
"PAK","SP.POP.GROW","Data sources: United Nations World Population Prospects",
"PAK","SP.POP.TOTL","Data sources : United Nations World Population Prospects",
"PAN","SP.POP.TOTL","Data sources : United Nations World Population Prospects",
"PAN","SP.POP.GROW","Data sources: United Nations World Population Prospects",
"PER","SP.POP.GROW","Data sources: United Nations World Population Prospects",
"PER","SP.POP.TOTL","Data sources : United Nations World Population Prospects",
"PHL","SP.POP.TOTL","Data sources : United Nations World Population Prospects",
"PHL","SP.POP.GROW","Data sources: United Nations World Population Prospects",
"PLW","SP.POP.GROW","Data sources: United Nations World Population Prospects",
"PLW","SP.POP.TOTL","Data sources : United Nations World Population Prospects",
"PNG","SP.POP.TOTL","Data sources : United Nations World Population Prospects",
"PNG","SP.POP.GROW","Data sources: United Nations World Population Prospects",
"POL","SP.POP.GROW","Data sources : Eurostat",
"POL","SP.POP.TOTL","Data sources : Eurostat",
"PRI","SP.POP.TOTL","Data sources : U.S. Census Bureau, 1990 Census",
"PRI","NY.GNP.MKTP.PP.CD","Estimates are based on regression.",
"PRI","NY.GDP.MKTP.PP.KD","Estimates are based on regression.",
"PRI","NY.GDP.PCAP.PP.CD","Estimates are based on regression.",
"PRI","SP.POP.GROW","Data sources: U.S. Census Bureau, 1990 Census",
"PRI","NY.GDP.MKTP.PP.CD","Estimates are based on regression.",
"PRI","NY.GDP.PCAP.PP.KD","Estimates are based on regression.",
"PRI","NY.GNP.PCAP.PP.CD","Estimates are based on regression.",
"PRK","SP.POP.GROW","Data sources: United Nations World Population Prospects",
"PRK","SP.POP.TOTL","Data sources : United Nations World Population Prospects",
"PRT","SP.POP.TOTL","Data sources : Eurostat",
"PRT","SP.POP.GROW","Data sources : Eurostat",
"PRY","SP.POP.GROW","Data sources: United Nations World Population Prospects",
"PRY","SP.POP.TOTL","Data sources : United Nations World Population Prospects",
"PSE","SP.POP.TOTL","Data sources : World Bank estimates based on data from Palestinian Central Bureau of Statistics, excluding E. Jerusalem.",
"PSE","SP.POP.1564.TO.ZS","Excluding East Jerusalem.",
"PSE","SP.POP.0014.TO.ZS","Excluding East Jerusalem.",
"PSE","SP.POP.GROW","Data sources: World Bank estimates based on data from Palestinian Central Bureau of Statistics, excluding E. Jerusalem.",
"PSE","SP.POP.TOTL.FE.ZS","Excluding East Jerusalem.",
"PSE","SP.POP.TOTL.MA.ZS","Excluding East Jerusalem.",
"PYF","SP.POP.GROW","Data sources: United Nations World Population Prospects",
"PYF","SP.POP.TOTL","Data sources : United Nations World Population Prospects",
"QAT","SP.POP.TOTL","Data sources : United Nations World Population Prospects",
"QAT","SP.POP.GROW","Data sources: United Nations World Population Prospects",
"ROU","SP.POP.GROW","Data sources : Eurostat",
"ROU","SP.POP.TOTL","Data sources : Eurostat",
"RUS","SP.POP.TOTL","Data sources : Russian Federation Federal State Statistics Service (its January 1st populations were adjusted to mid-year populations by using geometric mean), 1979 Census, 1989 Census.",
"RUS","SP.POP.GROW","Data sources : Russian Federation Federal State Statistics Service (its January 1st populations were adjusted to mid-year populations by using geometric mean), 1979 Census, 1989 Census.",
"RWA","SP.POP.GROW","Data sources: United Nations World Population Prospects",
"RWA","SP.POP.TOTL","Data sources : United Nations World Population Prospects",
"SAU","SP.POP.TOTL","Data sources : United Nations World Population Prospects",
"SAU","SP.POP.GROW","Data sources: United Nations World Population Prospects",
"SDN","SP.POP.GROW","Data sources : United Nations World Population Prospects. Estimates are for Sudan excluding South Sudan.",
"SDN","SP.POP.TOTL","Data sources : United Nations World Population Prospects. Estimates are for Sudan excluding South Sudan.",
"SEN","SP.POP.TOTL","Data sources : United Nations World Population Prospects",
"SEN","SP.POP.GROW","Data sources: United Nations World Population Prospects",
"SGP","SP.POP.GROW","Data sources: Department of Statistics Singapore",
"SGP","SP.POP.TOTL","Data sources : Department of Statistics Singapore",
"SLB","SP.POP.TOTL","Data sources : United Nations World Population Prospects",
"SLB","SP.POP.GROW","Data sources: United Nations World Population Prospects",
"SLE","SP.POP.GROW","Data sources: United Nations World Population Prospects",
"SLE","SP.POP.TOTL","Data sources : United Nations World Population Prospects",
"SLV","SP.POP.TOTL","Data sources : United Nations World Population Prospects",
"SLV","SP.POP.GROW","Data sources: United Nations World Population Prospects",
"SMR","SP.POP.GROW","Data sources: United Nations World Population Prospects",
"SMR","NY.GDP.PCAP.PP.CD","Estimates are based on regression.",
"SMR","SP.POP.TOTL","Data sources : United Nations World Population Prospects",
"SMR","NY.GNP.MKTP.PP.CD","Estimates are based on regression.",
"SMR","NY.GDP.MKTP.PP.KD","Estimates are based on regression.",
"SMR","NY.GDP.MKTP.PP.CD","Estimates are based on regression.",
"SMR","NY.GDP.PCAP.PP.KD","Estimates are based on regression.",
"SMR","NY.GNP.PCAP.PP.CD","Estimates are based on regression.",
"SOM","NY.GNP.PCAP.PP.CD","Estimates are based on regression.",
"SOM","NY.GDP.MKTP.PP.CD","Estimates are based on regression.",
"SOM","NY.GDP.PCAP.PP.KD","Estimates are based on regression.",
"SOM","NY.GDP.MKTP.PP.KD","Estimates are based on regression.",
"SOM","NY.GNP.MKTP.PP.CD","Estimates are based on regression.",
"SOM","SP.POP.TOTL","Data sources : United Nations World Population Prospects",
"SOM","NY.GDP.PCAP.PP.CD","Estimates are based on regression.",
"SOM","SP.POP.GROW","Data sources: United Nations World Population Prospects",
"SRB","SP.POP.GROW","Data sources: Statistical Office of the Republic of Serbia, Eurostat, TransMONEE, Council of Europe. Excluding Kosovo for all years 1950-2011",
"SRB","SP.POP.0014.TO","Derived using ratio of age group from WPP and World Bank population.",
"SRB","SP.POP.1564.MA.IN","Derived using ratio of age group from WPP and World Bank population.",
"SRB","SP.POP.0014.TO.ZS","Including Kosovo.",
"SRB","SP.POP.TOTL","Data sources : Statistical Office of the Republic of Serbia, Eurostat, TransMONEE, Council of Europe. Note : Excluding Kosovo.",
"SRB","SP.POP.1564.FE.IN","Derived using ratio of age group from WPP and World Bank population.",
"SRB","SP.POP.1564.TO.ZS","Including Kosovo.",
"SRB","SP.POP.1564.TO","Derived using ratio of age group from WPP and World Bank population.",
"SRB","SP.POP.0014.MA.IN","Derived using ratio of age group from WPP and World Bank population.",
"SRB","SP.POP.0014.FE.IN","Derived using ratio of age group from WPP and World Bank population.",
"SRB","SP.POP.TOTL.FE.ZS","Excluding Kosovo.",
"SRB","SP.POP.TOTL.MA.ZS","Excluding Kosovo.",
"STP","SP.POP.TOTL","Data sources : United Nations World Population Prospects",
"STP","SP.POP.GROW","Data sources: United Nations World Population Prospects",
"SUR","SP.POP.GROW","Data sources: United Nations World Population Prospects",
"SUR","SP.POP.TOTL","Data sources : United Nations World Population Prospects",
"SVK","SP.POP.TOTL","Data sources : Eurostat",
"SVK","SP.POP.GROW","Data sources : Eurostat",
"SVN","SP.POP.GROW","Data sources : Eurostat",
"SVN","SP.POP.TOTL","Data sources : Eurostat",
"SWE","SP.POP.TOTL","Data sources : Eurostat",
"SWE","SP.POP.GROW","Data sources : Eurostat",
"SWZ","SP.POP.GROW","Data sources: United Nations World Population Prospects",
"SWZ","SP.POP.TOTL","Data sources : United Nations World Population Prospects",
"SYC","SP.POP.TOTL","Data sources : National Bureau of Statistics",
"SYC","SP.POP.GROW","Data sources: National Bureau of Statistics",
"SYR","SP.POP.GROW","Data sources : United Nations World Population Prospects",
"SYR","NY.GDP.PCAP.PP.CD","Estimates are based on regression.",
"SYR","SP.POP.TOTL","Data sources : United Nations World Population Prospects",
"SYR","NY.GNP.MKTP.PP.CD","Estimates are based on regression.",
"SYR","NY.GDP.MKTP.PP.KD","Estimates are based on regression.",
"SYR","NY.GNP.PCAP.PP.CD","Estimates are based on regression.",
"SYR","NY.GDP.MKTP.PP.CD","Estimates are based on regression.",
"SYR","NY.GDP.PCAP.PP.KD","Estimates are based on regression.",
"TCA","SP.POP.TOTL","Data sources : United Nations World Population Prospects",
"TCA","SP.POP.GROW","Data sources: United Nations World Population Prospects",
"TCD","SP.POP.GROW","Data sources: United Nations World Population Prospects",
"TCD","SP.POP.TOTL","Data sources : United Nations World Population Prospects",
"TGO","SP.POP.TOTL","Data sources : United Nations World Population Prospects",
"TGO","SP.POP.GROW","Data sources: United Nations World Population Prospects",
"THA","SP.POP.GROW","Data sources: United Nations World Population Prospects",
"THA","SP.POP.TOTL","Data sources : United Nations World Population Prospects",
"TJK","SP.POP.TOTL","Data sources : United Nations World Population Prospects",
"TJK","SP.POP.GROW","Data sources: United Nations World Population Prospects",
"TKM","SP.POP.GROW","Data sources: United Nations World Population Prospects",
"TKM","NY.GDP.PCAP.PP.CD","Estimates are based on regression.",
"TKM","SP.POP.TOTL","Data sources : United Nations World Population Prospects",
"TKM","NY.GDP.MKTP.PP.KD","Estimates are based on regression.",
"TKM","NY.GNP.MKTP.PP.CD","Estimates are based on regression.",
"TKM","NY.GDP.PCAP.PP.KD","Estimates are based on regression.",
"TKM","NY.GDP.MKTP.PP.CD","Estimates are based on regression.",
"TKM","NY.GNP.PCAP.PP.CD","Estimates are based on regression.",
"TLS","NY.GNP.PCAP.PP.CD","Estimates are based on regression.",
"TLS","NY.GDP.MKTP.PP.CD","Estimates are based on regression.",
"TLS","NY.GDP.PCAP.PP.KD","Estimates are based on regression.",
"TLS","NY.GNP.MKTP.PP.CD","Estimates are based on regression.",
"TLS","NY.GDP.MKTP.PP.KD","Estimates are based on regression.",
"TLS","SP.POP.TOTL","Data sources : United Nations World Population Prospects",
"TLS","NY.GDP.PCAP.PP.CD","Estimates are based on regression.",
"TLS","SP.POP.GROW","Data sources : United Nations World Population Prospects",
"TON","SP.POP.GROW","Data sources: United Nations World Population Prospects",
"TON","SP.POP.TOTL","Data sources : United Nations World Population Prospects",
"TTO","SP.POP.TOTL","Data sources : United Nations World Population Prospects",
"TTO","SP.POP.GROW","Data sources: United Nations World Population Prospects",
"TUN","SP.POP.GROW","Data sources : United Nations World Population Prospects",
"TUN","SP.POP.TOTL","Data sources : United Nations World Population Prospects",
"TUR","SP.POP.TOTL","Data sources : United Nations World Population Prospects",
"TUR","SP.POP.GROW","Data sources : United Nations World Population Prospects",
"TUV","SP.POP.GROW","Data sources: United Nations World Population Prospects",
"TUV","SP.POP.TOTL","Data sources : United Nations World Population Prospects",
"TZA","SP.POP.TOTL","Data sources : United Nations World Population Prospects",
"TZA","NY.GDP.PCAP.CD","Covers mainland Tanzania only.",
"TZA","SP.POP.1564.TO.ZS","Including Zanzibar.",
"TZA","NY.GDP.PCAP.KD","Covers mainland Tanzania only.",
"TZA","SP.POP.GROW","Data sources: United Nations World Population Prospects",
"TZA","NY.GDP.PCAP.PP.CD","Covers mainland Tanzania only.",
"TZA","SP.POP.0014.TO.ZS","Including Zanzibar.",
"TZA","NY.GDP.PCAP.PP.KD","Covers mainland Tanzania only.",
"TZA","NY.GNP.PCAP.PP.CD","Covers mainland Tanzania only.",
"TZA","NY.GNP.PCAP.CD","Covers mainland Tanzania only.",
"TZA","SP.POP.TOTL.MA.ZS","Including Zanzibar.",
"TZA","SP.POP.TOTL.FE.ZS","Including Zanzibar.",
"UGA","SP.POP.GROW","Data sources: United Nations World Population Prospects",
"UGA","SP.POP.TOTL","Data sources : United Nations World Population Prospects",
"UKR","SP.POP.TOTL","Data sources : State Statistics Committee of Ukraine, United Nations World Population Prospects, Council of Europe, United Nations Population and Vital Statistics Report",
"UKR","SP.POP.GROW","Data sources: State Statistics Committee of Ukraine, United Nations World Population Prospects, Council of Europe, United Nations Population and Vital Statistics Report",
"URY","SP.POP.GROW","Data sources: United Nations World Population Prospects",
"URY","SP.POP.TOTL","Data sources : United Nations World Population Prospects",
"USA","SP.POP.TOTL","Data sources : U.S. Census Bureau",
"USA","SP.POP.GROW","Data sources: U.S. Census Bureau",
"UZB","SP.POP.GROW","Data sources : State Committee of the Republic of Uzbekistan on Statistics, United Nations World Population Prospects",
"UZB","NY.GDP.PCAP.PP.CD","Estimates are based on regression.",
"UZB","SP.POP.TOTL","Data sources : State Committee of the Republic of Uzbekistan on Statistics, United Nations World Population Prospects",
"UZB","NY.GDP.MKTP.PP.KD","Estimates are based on regression.",
"UZB","NY.GNP.MKTP.PP.CD","Estimates are based on regression.",
"UZB","NY.GNP.PCAP.PP.CD","Estimates are based on regression.",
"UZB","NY.GDP.PCAP.PP.KD","Estimates are based on regression.",
"UZB","NY.GDP.MKTP.PP.CD","Estimates are based on regression.",
"VCT","SP.POP.TOTL","Data sources : United Nations World Population Prospects",
"VCT","SP.POP.GROW","Data sources: United Nations World Population Prospects",
"VEN","SP.POP.GROW","Data sources: United Nations World Population Prospects",
"VEN","SP.POP.TOTL","Data sources : United Nations World Population Prospects",
"VEN","NY.GNP.PCAP.CD","Based on official exchange rates.",
"VIR","SP.POP.TOTL","Data sources : U.S. Census Bureau, United Nations Population and Vital Statistics Report",
"VIR","SP.POP.GROW","Data sources: U.S. Census Bureau, United Nations Population and Vital Statistics Report",
"VNM","SP.POP.GROW","Data sources: General Statistics Office of Vietnam",
"VNM","SP.POP.TOTL","Data sources : General Statistics Office of Vietnam",
"VUT","SP.POP.TOTL","Data sources : United Nations World Population Prospects",
"VUT","SP.POP.GROW","Data sources: United Nations World Population Prospects",
"WSM","SP.POP.GROW","Data sources: United Nations World Population Prospects",
"WSM","SP.POP.TOTL","Data sources : United Nations World Population Prospects",
"XKX","SP.POP.TOTL","Data sources : World Bank's Kosovo coutnry office, Kosovo Agency of Statistics, U.S. Census Bureau",
"XKX","NY.GDP.MKTP.PP.KD","Estimates are based on regression.",
"XKX","NY.GNP.MKTP.PP.CD","Estimates are based on regression.",
"XKX","SP.POP.GROW","Data sources: World Bank's Kosovo coutnry office, Kosovo Agency of Statistics, U.S. Census Bureau",
"XKX","NY.GDP.PCAP.PP.CD","Estimates are based on regression.",
"XKX","NY.GNP.PCAP.PP.CD","Estimates are based on regression.",
"XKX","NY.GDP.MKTP.PP.CD","Estimates are based on regression.",
"XKX","NY.GDP.PCAP.PP.KD","Estimates are based on regression.",
"YEM","SP.POP.GROW","Data sources: United Nations World Population Prospects",
"YEM","SP.POP.TOTL","Data sources : United Nations World Population Prospects",
"ZAF","SP.POP.TOTL","Data sources : Statistics South Africa, United Nations World Population Prospects",
"ZAF","SP.POP.GROW","Data sources : Statistics South Africa, United Nations World Population Prospects",
"ZMB","SP.POP.GROW","Data sources: United Nations World Population Prospects",
"ZMB","SP.POP.TOTL","Data sources : United Nations World Population Prospects",
"ZWE","SP.POP.TOTL","Data sources : United Nations World Population Prospects",
"ZWE","SP.POP.GROW","Data sources: United Nations World Population Prospects",
